RefNum,age,job,marital,education,housing,loan,contact,day,month,duration,deposit,balance
10026141,59,retired,divorced,tertiary,yes,no,,5,december,168,,100620
10026142,33,management,married,secondary,yes,no,123,7,january,247,,-2700
10026143,60,retired,married,secondary,yes,no,,18,february,291,41625,166680
10026144,42,services,married,secondary,yes,no,,26,march,187,136486.8,124740
10026145,44,management,single,tertiary,yes,no,??,24,april,194,186937.2,1792080
10026146,50,management,single,tertiary,yes,no,,25,may,379,96006.6,234000
10026147,54,retired,married,secondary,no,no,,1,june,151,,472680
10026148,29,admin.,single,secondary,yes,no,,7,july,166,,-7920
10026149,59,self-employed,married,tertiary,no,no,,26,august,64,28603.8,106740
10026150,37,technician,married,secondary,,no,,5,september,232,26080.2,91980
10026151,55,retired,married,secondary,,no,,21,october,647,28236.6,88740
10026152,53,retired,divorced,tertiary,yes,no,,25,november,322,20973.6,107820
10026153,31,services,married,secondary,yes,no,,23,december,133,23232.6,48960
10026154,49,management,married,tertiary,yes,no,,20,january,50,5455.8,132300
10026155,28,blue-collar,married,primary,yes,no,,20,february,87,2538,2700
10026156,47,blue-collar,married,primary,yes,no,??,9,march,771,16716.6,28620
10026157,31,blue-collar,married,primary,yes,no,,29,april,241,18655.2,117180
10026158,49,housemaid,divorced,primary,yes,no,,26,may,205,,35640
10026159,59,blue-collar,married,,yes,no,,19,june,318,,-50040
10026160,34,blue-collar,married,secondary,yes,no,,25,july,109,,-18000
10026161,43,admin.,married,primary,yes,no,,17,august,304,0,2700
10026162,38,blue-collar,married,primary,no,no,,15,september,209,0,0
10026163,41,services,married,secondary,yes,yes,,17,october,83,13413.6,19440
10026164,44,blue-collar,married,primary,yes,no,,14,november,227,29318.4,111060
10026165,31,services,single,secondary,,no,,29,december,271,3915,92880
10026166,35,blue-collar,married,primary,,no,,25,january,326,5520.6,1980
10026167,37,admin.,married,secondary,yes,no,,19,february,389,100348.2,184680
10026168,58,admin.,married,secondary,no,no,,6,march,273,17721,654300
10026169,24,blue-collar,married,secondary,no,no,,24,april,264,,5760
10026170,35,blue-collar,single,primary,yes,no,,12,may,1106,,-22140
10026171,33,blue-collar,divorced,secondary,yes,no,,15,june,73,,-42840
10026172,40,entrepreneur,married,tertiary,yes,yes,,16,july,195,104992.2,196020
10026173,46,admin.,divorced,tertiary,yes,no,,25,august,69,178281,674820
10026174,41,blue-collar,married,primary,yes,no,,10,september,87,43286.4,565200
10026175,33,blue-collar,married,tertiary,yes,no,,23,october,122,13379.4,39780
10026176,35,blue-collar,divorced,primary,yes,no,,11,november,945,20424.6,54000
10026177,57,retired,divorced,primary,yes,no,,7,december,288,33746.4,92700
10026178,40,technician,married,primary,yes,no,,3,january,50,39956.4,147420
10026179,36,blue-collar,married,secondary,yes,no,,17,february,816,80762.4,129960
10026180,47,management,divorced,secondary,yes,yes,,8,march,284,61525.8,602280
10026181,50,blue-collar,married,primary,yes,no,,30,april,116,19321.2,75420
10026182,51,technician,married,secondary,yes,no,,3,may,72,37472.4,59400
10026183,41,management,divorced,tertiary,yes,no,,25,june,232,33134.4,283680
10026184,38,management,married,tertiary,yes,no,,25,july,124,14860.8,46440
10026185,39,blue-collar,married,primary,yes,no,,3,august,326,6984,57060
10026186,25,services,single,secondary,yes,yes,,25,september,190,22483.8,10260
10026187,43,technician,married,secondary,yes,no,,9,october,1721,36718.2,591300
10026188,33,blue-collar,married,secondary,yes,no,,16,november,351,31573.8,27360
10026189,45,blue-collar,married,secondary,yes,no,,18,december,171,142839,437220
10026190,58,,divorced,secondary,yes,no,,1,january,166,106567.2,559980
10026191,57,blue-collar,married,primary,yes,no,,14,february,104,11622.6,243360
10026192,27,unemployed,single,tertiary,yes,no,,25,march,163,7995.6,6660
10026193,25,technician,single,tertiary,yes,no,,25,april,492,13973.4,115200
10026194,38,blue-collar,married,,no,no,,23,may,25,11950.2,20340
10026195,28,technician,single,secondary,yes,no,,28,june,152,15247.8,84240
10026196,33,services,married,secondary,yes,no,,27,july,109,17733.6,33120
10026197,44,blue-collar,single,secondary,yes,no,,28,august,1032,3459.6,113940
10026198,57,admin.,married,secondary,yes,no,,12,september,65,1038.6,1260
10026199,46,blue-collar,single,secondary,yes,no,,28,october,194,0,10260
10026200,57,technician,divorced,secondary,yes,no,,4,november,360,0,0
10026201,42,blue-collar,divorced,primary,yes,yes,,1,december,96,11651.4,75420
10026202,46,admin.,married,secondary,yes,no,,3,january,20,13708.8,21600
10026203,39,entrepreneur,married,secondary,yes,no,,25,february,323,23808.6,104400
10026204,27,blue-collar,married,secondary,yes,no,,9,march,332,6483.6,65160
10026205,42,management,married,secondary,yes,no,,15,april,735,9325.8,7740
10026206,58,admin.,married,secondary,yes,no,,13,may,151,22168.8,134820
10026207,42,admin.,single,secondary,yes,no,,9,june,46,76860,43740
10026208,48,blue-collar,married,primary,no,no,,21,july,158,233150.4,1620720
10026209,57,services,single,secondary,yes,no,,11,august,73,142171.2,402480
10026210,52,admin.,single,secondary,yes,no,,6,september,407,136526.4,602640
10026211,54,blue-collar,divorced,primary,yes,no,,24,october,438,32351.4,371160
10026212,55,retired,married,secondary,no,no,,29,november,139,27437.4,33840
10026213,46,blue-collar,married,primary,yes,no,,27,december,174,101046.6,266940
10026214,48,entrepreneur,married,,yes,no,,22,january,175,19101.6,459000
10026215,25,admin.,single,secondary,yes,no,,30,february,313,8847,9540
10026216,38,management,divorced,tertiary,yes,no,,22,march,137,45046.8,98460
10026217,46,retired,married,primary,no,yes,,15,april,22,15766.2,247320
10026218,48,technician,married,,yes,no,,14,may,328,30069,12060
10026219,43,blue-collar,married,primary,yes,no,,26,june,93,,899640
10026220,52,technician,married,secondary,no,no,,15,july,97,,0
10026221,27,blue-collar,single,secondary,yes,yes,,9,august,123,,-360
10026222,29,blue-collar,married,secondary,yes,no,,15,september,219,5639.4,4140
10026223,49,admin.,married,secondary,yes,yes,,10,october,455,24858,92160
10026224,30,blue-collar,single,secondary,no,no,,10,november,103,48099.6,80460
10026225,50,admin.,married,secondary,yes,no,,23,december,200,158781.6,345060
10026226,58,blue-collar,married,,yes,no,,25,january,133,65478.6,876780
10026227,44,blue-collar,married,secondary,yes,no,,1,february,35,0,58680
10026228,52,technician,married,secondary,yes,yes,,23,march,77,0,0
10026229,44,entrepreneur,married,secondary,no,no,,23,april,211,0,0
10026230,27,blue-collar,single,secondary,no,no,,29,may,72,5113.8,2520
10026231,35,technician,married,secondary,yes,yes,,5,june,133,26256.6,124560
10026232,31,blue-collar,married,secondary,yes,yes,,3,july,89,24265.8,66420
10026233,31,blue-collar,married,primary,yes,no,,26,august,287,79119,106380
10026234,52,housemaid,married,secondary,yes,no,,13,september,942,0,706140
10026235,44,blue-collar,married,secondary,yes,no,,18,october,101,0,0
10026236,28,blue-collar,single,primary,yes,yes,,21,november,305,9790.2,62640
10026237,41,technician,married,secondary,yes,yes,,29,december,387,11095.2,18360
10026238,54,technician,divorced,secondary,yes,no,,27,january,146,50594.4,80460
10026239,46,blue-collar,married,secondary,yes,no,,14,february,160,171801,381780
10026240,48,blue-collar,married,primary,yes,no,,18,march,70,73951.2,927720
10026241,31,admin.,married,secondary,yes,no,,2,april,466,78982.2,70740
10026242,42,services,married,primary,yes,no,,6,may,162,,1058220
10026243,40,blue-collar,married,secondary,yes,no,,19,june,117,,-5580
10026244,56,self-employed,married,tertiary,yes,no,,7,july,381,296481.6,156780
10026245,45,management,married,tertiary,yes,no,,23,august,167,381612.6,6728040
10026246,53,technician,divorced,primary,yes,no,,23,september,476,54127.8,259740
10026247,31,admin.,married,secondary,yes,no,,27,october,178,47107.8,135360
10026248,42,management,married,tertiary,yes,no,,1,november,260,41121,196740
10026249,51,technician,married,,yes,yes,,24,december,231,19978.2,103140
10026250,52,management,married,tertiary,no,no,,24,january,188,13116.6,46440
10026251,48,management,married,primary,yes,yes,,22,february,145,11606.4,44460
10026252,28,management,single,tertiary,yes,no,,1,march,163,12834,36360
10026253,34,technician,single,secondary,yes,no,,12,april,282,24498,54360
10026254,50,admin.,married,secondary,yes,no,,16,may,74,0,132480
10026255,46,blue-collar,married,primary,yes,no,,1,june,73,0,0
10026256,54,blue-collar,married,secondary,yes,no,,23,july,220,0,95760
10026257,43,technician,divorced,secondary,no,no,,22,august,333,0,0
10026258,55,blue-collar,divorced,secondary,no,no,,13,september,316,304876.8,1328040
10026259,47,blue-collar,married,primary,no,no,,6,october,451,138198.6,839880
10026260,43,entrepreneur,married,secondary,yes,no,,11,november,318,0,272880
10026261,45,technician,married,secondary,yes,yes,,12,december,246,0,0
10026262,46,blue-collar,married,secondary,yes,yes,,1,january,311,0,1095300
10026263,39,technician,married,secondary,yes,no,,26,february,202,0,-32940
10026264,26,student,single,secondary,yes,no,,30,march,174,2714.4,16380
10026265,40,blue-collar,married,secondary,yes,no,,21,april,168,1395,5400
10026266,48,blue-collar,divorced,primary,yes,no,,20,may,832,5815.8,4320
10026267,53,technician,divorced,secondary,yes,no,,18,june,230,32943.6,93960
10026268,40,technician,married,secondary,yes,no,,13,july,200,51746.4,138600
10026269,54,blue-collar,married,secondary,yes,no,,15,august,170,59819.4,231840
10026270,46,technician,married,secondary,yes,no,,6,september,142,107182.8,185220
10026271,47,technician,divorced,secondary,yes,no,,26,october,283,47723.4,744300
10026272,50,blue-collar,divorced,secondary,yes,yes,,7,november,421,29068.2,36720
10026273,59,retired,divorced,primary,yes,no,,30,december,278,0,276120
10026274,44,services,single,secondary,yes,no,,4,january,179,0,0
10026275,42,management,married,tertiary,yes,no,,26,february,238,33643.8,157860
10026276,52,management,married,secondary,yes,no,,16,march,110,38188.8,86040
10026277,30,management,single,tertiary,yes,no,,12,april,138,85588.2,203400
10026278,46,blue-collar,single,secondary,yes,no,,8,may,218,69262.2,432180
10026279,45,management,married,tertiary,yes,no,,20,june,158,44542.8,133200
10026280,29,admin.,single,secondary,no,no,,20,july,105,49012.2,178740
10026281,53,blue-collar,married,primary,yes,no,,25,august,106,28341,161280
10026282,55,admin.,married,secondary,yes,no,,16,september,217,31230,59760
10026283,45,management,single,tertiary,no,no,,1,october,132,12240,195840
10026284,35,technician,married,secondary,yes,no,,17,november,824,14567.4,9180
10026285,52,blue-collar,single,secondary,yes,no,,5,december,243,41454,277380
10026286,40,management,married,tertiary,yes,no,,4,january,150,54421.2,74340
10026287,42,admin.,married,secondary,yes,no,,23,february,238,107717.4,478080
10026288,41,blue-collar,single,primary,yes,no,,25,march,1553,25255.8,291240
10026289,42,admin.,divorced,secondary,yes,no,,22,april,148,7767,26280
10026290,40,admin.,married,secondary,yes,no,,17,may,159,43138.8,27540
10026291,41,services,married,secondary,yes,no,,6,june,108,0,810900
10026292,57,management,married,tertiary,yes,no,,16,july,124,0,0
10026293,45,admin.,married,secondary,yes,no,,12,august,452,76341.6,93600
10026294,47,management,married,primary,yes,no,,23,september,114,194689.8,747180
10026295,40,unemployed,married,secondary,yes,no,,4,october,125,48819.6,608760
10026296,33,technician,single,secondary,yes,no,,24,november,622,28591.2,46980
10026297,49,entrepreneur,married,secondary,yes,no,,1,december,153,40239,208800
10026298,39,management,divorced,tertiary,yes,yes,,27,january,1328,64236.6,93060
10026299,50,services,married,secondary,yes,no,,23,february,686,102913.2,532080
10026300,60,retired,divorced,primary,yes,yes,,16,march,80,173658.6,238860
10026301,53,technician,married,secondary,yes,no,,25,april,435,0,1515060
10026302,58,retired,married,secondary,yes,no,,13,may,300,0,-30960
10026303,52,services,married,secondary,yes,no,,13,june,203,41085,406260
10026304,42,admin.,single,secondary,yes,no,,1,july,121,25974,49860
10026305,42,blue-collar,married,secondary,yes,no,,2,august,71,22723.2,162360
10026306,43,technician,married,secondary,yes,no,,6,september,78,17136,38160
10026307,51,admin.,married,secondary,yes,no,,15,october,534,56097,92340
10026308,53,,divorced,tertiary,yes,no,,24,november,243,66412.8,408960
10026309,53,technician,married,secondary,yes,no,,25,december,230,1393.2,129420
10026310,42,management,married,tertiary,no,no,,6,january,253,1164.6,180
10026311,40,technician,married,secondary,yes,no,,4,february,127,45450,90540
10026312,59,retired,married,secondary,yes,yes,,8,march,1125,101647.8,273780
10026313,59,retired,married,secondary,yes,yes,,2,april,282,56385,452880
10026314,48,housemaid,married,tertiary,yes,no,,4,may,220,20388.6,84240
10026315,25,,single,,yes,no,,30,june,158,15168.6,59220
10026316,59,blue-collar,married,primary,yes,yes,,6,july,267,23189.4,46620
10026317,49,unemployed,married,secondary,yes,no,,17,august,257,0,138420
10026318,42,management,married,tertiary,yes,no,,19,september,110,0,-126000
10026319,37,blue-collar,married,secondary,yes,no,,29,october,456,578007,2844180
10026320,40,blue-collar,married,primary,yes,no,,14,november,78,0,1409580
10026321,31,management,married,tertiary,no,no,,29,december,298,0,0
10026322,41,blue-collar,married,secondary,yes,no,,19,january,429,0,-12240
10026323,60,technician,married,secondary,yes,no,,5,february,483,87561,475020
10026324,42,admin.,divorced,secondary,yes,no,,22,march,213,41189.4,193680
10026325,48,blue-collar,married,primary,yes,no,,7,april,51,65320.2,105120
10026326,43,blue-collar,married,secondary,yes,yes,,25,may,44,97232.4,487080
10026327,47,blue-collar,married,primary,yes,no,,28,june,164,51901.2,232920
10026328,40,self-employed,married,primary,yes,no,,28,july,166,24271.2,138780
10026329,55,unemployed,divorced,secondary,yes,yes,,11,august,220,19191.6,50940
10026330,51,management,divorced,tertiary,yes,no,,16,september,178,3783.6,86760
10026331,54,management,married,tertiary,no,no,,14,october,452,9156.6,1980
10026332,41,blue-collar,married,secondary,yes,no,,2,november,858,50756.4,508140
10026333,41,blue-collar,married,secondary,yes,no,,16,december,87,72124.2,60840
10026334,53,blue-collar,married,secondary,yes,no,,4,january,97,215872.2,1026000
10026335,46,admin.,married,secondary,yes,yes,,4,february,116,140601.6,545040
10026336,45,entrepreneur,married,primary,yes,no,,20,march,120,95774.4,435240
10026337,48,blue-collar,married,secondary,yes,no,,19,april,629,0,252900
10026338,44,services,single,secondary,yes,no,,28,may,198,0,0
10026339,47,blue-collar,married,secondary,no,no,,3,june,262,67660.2,499500
10026340,49,blue-collar,married,secondary,yes,yes,,16,july,179,52236,109980
10026341,41,blue-collar,married,primary,yes,no,,4,august,35,86900.4,297720
10026342,54,blue-collar,married,primary,yes,no,,10,september,156,44154,304380
10026343,48,technician,married,secondary,no,no,,27,october,201,32884.2,76860
10026344,30,blue-collar,married,secondary,yes,no,,17,november,159,39817.8,168840
10026345,45,blue-collar,married,primary,yes,no,,17,december,68,38435.4,112680
10026346,40,blue-collar,married,,no,no,,12,january,75,7525.8,157320
10026347,42,blue-collar,single,secondary,no,no,,3,february,229,21857.4,4320
10026348,48,technician,married,secondary,yes,no,,12,march,126,174807,1327140
10026349,40,admin.,married,secondary,yes,no,,2,april,704,2878.2,276300
10026350,47,blue-collar,married,primary,yes,yes,,4,may,164,2115,360
10026351,47,admin.,married,secondary,yes,yes,,10,june,339,19159.2,149220
10026352,33,blue-collar,single,secondary,yes,no,,17,july,461,27955.8,29520
10026353,54,blue-collar,married,secondary,yes,no,,20,august,188,90876.6,317700
10026354,46,blue-collar,married,secondary,yes,no,,9,september,546,42332.4,311940
10026355,53,retired,married,primary,yes,no,,23,october,171,28346.4,68940
10026356,25,technician,single,tertiary,yes,no,,5,november,351,0,139860
10026357,50,management,married,secondary,yes,no,,15,december,94,0,0
10026358,40,blue-collar,married,secondary,yes,yes,,6,january,168,135167.4,273960
10026359,53,management,married,tertiary,yes,no,,12,february,429,105260.4,800280
10026360,41,blue-collar,married,secondary,yes,no,,30,march,249,57115.8,166140
10026361,41,admin.,married,secondary,yes,no,,3,april,568,68817.6,235620
10026362,42,management,married,tertiary,yes,no,,16,may,299,106891.2,241200
10026363,47,management,married,tertiary,yes,no,,6,june,282,116654.4,568440
10026364,48,blue-collar,married,secondary,yes,no,,21,july,760,61824.6,287280
10026365,43,blue-collar,married,primary,yes,no,,22,august,211,235659.6,159660
10026366,55,management,married,tertiary,yes,no,,23,september,77,251469,4174020
10026367,40,admin.,married,secondary,yes,no,,25,october,283,25900.2,181800
10026368,45,blue-collar,married,primary,yes,no,,13,november,263,24692.4,44280
10026369,54,retired,married,secondary,yes,no,,1,december,189,59513.4,165240
10026370,46,blue-collar,married,primary,yes,no,,3,january,91,97007.4,257220
10026371,57,retired,divorced,primary,yes,no,,4,february,32,47871,439020
10026372,49,entrepreneur,married,secondary,yes,no,,18,march,139,19069.2,62640
10026373,49,admin.,married,secondary,yes,no,,23,april,347,4795.2,69660
10026374,41,blue-collar,single,primary,yes,no,,14,may,152,14706,3960
10026375,42,self-employed,married,primary,yes,no,,18,june,869,157863.6,655380
10026376,42,management,single,secondary,yes,no,,25,july,339,113374.8,456300
10026377,49,technician,married,primary,yes,no,,13,august,267,3900.6,338040
10026378,42,blue-collar,married,secondary,yes,no,,23,september,34,270,540
10026379,34,unemployed,single,secondary,yes,no,,4,october,153,3492,1620
10026380,47,blue-collar,married,primary,yes,no,,18,november,28,70182,90360
10026381,41,admin.,married,secondary,yes,no,,12,december,216,182512.8,654120
10026382,45,technician,married,secondary,yes,no,,2,january,215,78543,611100
10026383,33,admin.,single,secondary,yes,no,,1,february,199,33019.2,121140
10026384,53,blue-collar,married,primary,yes,no,,8,march,139,33627.6,108000
10026385,43,unemployed,single,primary,yes,no,,4,april,322,69186.6,125640
10026386,40,blue-collar,divorced,secondary,yes,no,,30,may,189,49480.2,457200
10026387,34,blue-collar,married,primary,yes,no,,27,june,197,27455.4,64260
10026388,40,technician,married,secondary,yes,no,,17,july,224,66540.6,140760
10026389,41,blue-collar,married,primary,yes,no,,30,august,160,0,377460
10026390,44,blue-collar,single,,yes,no,,6,september,143,0,-18180
10026391,57,admin.,divorced,primary,yes,yes,,2,october,191,0,113040
10026392,42,technician,married,secondary,yes,no,,22,november,833,0,0
10026393,57,services,married,secondary,yes,no,,4,december,356,17233.2,1237320
10026394,43,blue-collar,divorced,secondary,yes,no,,4,january,485,8546.4,2880
10026395,45,blue-collar,married,primary,yes,no,,30,february,57,83907,304380
10026396,60,retired,married,primary,yes,no,,5,march,930,66337.2,277560
10026397,41,blue-collar,married,,yes,no,,3,april,247,179715.6,190260
10026398,49,blue-collar,married,primary,yes,no,,26,may,208,0,2037060
10026399,42,admin.,married,secondary,no,no,,30,june,89,0,-234000
10026400,41,services,married,primary,yes,no,,4,july,72,12351.6,53820
10026401,33,technician,single,secondary,yes,no,,22,august,260,26843.4,34020
10026402,56,blue-collar,married,secondary,yes,no,,4,september,129,0,254160
10026403,49,blue-collar,married,primary,yes,no,,2,october,151,0,0
10026404,41,blue-collar,married,secondary,yes,no,,4,november,181,114654.6,42300
10026405,48,management,married,tertiary,yes,no,,24,december,125,241545.6,3729240
10026406,41,technician,married,secondary,yes,yes,,1,january,225,50063.4,187740
10026407,41,services,married,secondary,yes,no,,23,february,829,42958.8,160200
10026408,30,technician,single,secondary,no,yes,,4,march,749,35798.4,138240
10026409,52,entrepreneur,married,tertiary,yes,yes,,20,april,166,46807.2,111240
10026410,40,blue-collar,married,secondary,no,no,,16,may,87,118065.6,236340
10026411,60,retired,married,secondary,yes,no,,23,june,407,59547.6,707760
10026412,28,management,single,tertiary,yes,no,,27,july,438,8494.2,60120
10026413,44,self-employed,divorced,secondary,yes,yes,,30,august,387,0,14400
10026414,44,technician,single,secondary,yes,yes,,13,september,100,0,-4860
10026415,32,blue-collar,single,secondary,yes,no,,18,october,413,34506,411300
10026416,53,management,married,tertiary,no,no,,22,november,521,0,34740
10026417,41,services,divorced,secondary,no,yes,,30,december,133,0,-35640
10026418,57,retired,married,tertiary,yes,yes,,1,january,191,40111.2,212400
10026419,42,blue-collar,married,primary,yes,no,,21,february,521,97297.2,90900
10026420,31,management,married,secondary,yes,no,,23,march,109,67492.8,1249740
10026421,46,blue-collar,married,secondary,yes,yes,,9,april,345,48949.2,43740
10026422,40,technician,single,,yes,no,,9,may,1028,184573.8,657360
10026423,46,technician,divorced,secondary,yes,no,,6,june,566,155946.6,621900
10026424,55,self-employed,single,secondary,yes,no,,26,july,38,119359.8,469260
10026425,52,blue-collar,single,primary,yes,no,,23,august,314,0,364320
10026426,50,management,married,secondary,yes,no,,26,september,214,0,0
10026427,57,retired,married,secondary,no,no,,10,october,248,0,-39960
10026428,28,blue-collar,married,secondary,yes,no,,14,november,246,10503,222840
10026429,46,blue-collar,married,secondary,yes,no,,9,december,136,9439.2,5940
10026430,40,admin.,divorced,secondary,yes,no,,12,january,98,48772.8,180000
10026431,56,blue-collar,married,secondary,yes,no,,12,february,225,30961.8,158580
10026432,48,services,divorced,secondary,yes,no,,5,march,364,0,72540
10026433,36,management,single,tertiary,yes,no,,1,april,784,0,-6840
10026434,37,technician,married,tertiary,yes,no,,24,may,93,0,0
10026435,41,entrepreneur,married,tertiary,yes,no,,6,june,57,25723.8,39780
10026436,43,blue-collar,married,secondary,yes,no,,25,july,160,65115,199620
10026437,40,entrepreneur,married,secondary,yes,no,,4,august,210,31770,254880
10026438,40,entrepreneur,married,secondary,yes,no,,25,september,222,10026,47520
10026439,45,blue-collar,married,secondary,yes,yes,,7,october,21,27205.2,25380
10026440,44,blue-collar,married,secondary,yes,no,,8,november,222,60354,349920
10026441,53,entrepreneur,married,primary,yes,no,,26,december,157,23828.4,124920
10026442,31,management,married,tertiary,yes,no,,10,january,143,41320.8,54540
10026443,50,blue-collar,married,secondary,yes,no,,12,february,371,45599.4,375660
10026444,53,management,married,tertiary,yes,yes,,4,march,161,12861,66420
10026445,56,blue-collar,divorced,secondary,yes,no,,4,april,350,17938.8,29880
10026446,45,technician,married,primary,yes,no,,25,may,135,93846.6,129240
10026447,47,self-employed,married,tertiary,yes,no,,4,june,162,140659.2,817740
10026448,33,admin.,single,secondary,yes,no,,19,july,565,0,290340
10026449,57,technician,married,tertiary,no,no,,30,august,850,0,-180
10026450,45,entrepreneur,single,tertiary,yes,no,,8,september,44,46868.4,253800
10026451,34,blue-collar,married,secondary,no,no,,24,october,337,0,103860
10026452,49,entrepreneur,married,primary,yes,no,,30,november,416,0,-11340
10026453,49,services,married,secondary,no,no,,14,december,102,0,160560
10026454,37,admin.,divorced,secondary,yes,no,,22,january,5,0,-20340
10026455,57,technician,married,secondary,yes,no,,28,february,129,178885.8,583200
10026456,40,blue-collar,married,primary,yes,no,,29,march,977,187117.2,658440
10026457,57,retired,married,secondary,yes,no,,22,april,138,111204,638100
10026458,45,unemployed,married,primary,yes,no,,4,may,70,121732.2,232560
10026459,61,retired,married,secondary,yes,no,,23,june,71,42163.2,764640
10026460,54,management,divorced,secondary,yes,no,,1,july,75,14479.2,27900
10026461,46,blue-collar,married,primary,yes,no,,6,august,230,29835,90180
10026462,51,admin.,married,primary,yes,no,,23,september,369,81547.2,118440
10026463,42,blue-collar,married,secondary,yes,no,,1,october,136,57661.2,673740
10026464,42,blue-collar,married,primary,yes,no,,20,november,22,24989.4,59220
10026465,60,management,married,primary,yes,no,,17,december,378,121168.8,126540
10026466,41,blue-collar,married,primary,yes,no,,2,january,240,97480.8,1392300
10026467,41,services,married,primary,yes,no,,4,february,80,31951.8,81900
10026468,55,blue-collar,married,secondary,yes,no,,29,march,144,62787.6,149580
10026469,46,services,married,secondary,yes,no,,20,april,380,83791.8,316260
10026470,54,blue-collar,married,secondary,yes,no,,25,may,108,169385.4,266400
10026471,51,blue-collar,married,secondary,yes,no,,5,june,927,308395.8,1292400
10026472,47,services,divorced,secondary,yes,no,,10,july,389,88552.8,883080
10026473,35,management,single,tertiary,no,yes,,21,august,192,14302.8,106560
10026474,30,blue-collar,married,secondary,yes,no,,22,september,273,7435.8,23040
10026475,32,management,single,secondary,yes,no,,15,october,48,13802.4,28800
10026476,35,blue-collar,married,primary,yes,no,,3,november,8,103415.4,79380
10026477,48,blue-collar,single,secondary,yes,no,,17,december,628,90536.4,1616760
10026478,36,services,married,secondary,no,no,,2,january,90,99043.2,60840
10026479,53,services,married,secondary,yes,no,,14,february,221,136074.6,1934820
10026480,48,technician,married,secondary,yes,no,,28,march,217,35631,114840
10026481,42,services,married,secondary,yes,no,,14,april,762,123742.8,132660
10026482,38,services,single,secondary,yes,no,,6,may,193,43482.6,1385100
10026483,32,admin.,single,secondary,yes,no,,27,june,302,13665.6,16380
10026484,51,unemployed,married,secondary,yes,no,,28,july,411,37436.4,136800
10026485,34,blue-collar,married,secondary,yes,no,,5,august,245,49168.8,122940
10026486,43,blue-collar,married,secondary,yes,no,,29,september,746,46314,235980
10026487,50,blue-collar,married,secondary,yes,no,,15,october,673,0,109080
10026488,44,blue-collar,married,primary,yes,no,,4,november,220,0,0
10026489,25,services,single,secondary,yes,no,,18,december,232,19731.6,34560
10026490,60,blue-collar,married,secondary,yes,no,,2,january,115,146606.4,135180
10026491,32,technician,single,,no,no,,16,february,485,113106.6,1908000
10026492,44,admin.,married,secondary,yes,yes,,25,march,106,61128,80460
10026493,26,student,single,secondary,yes,no,,5,april,107,91337.4,557280
10026494,36,admin.,married,secondary,yes,no,,10,may,1044,28573.2,179640
10026495,29,entrepreneur,single,tertiary,yes,no,,13,june,180,39961.8,54540
10026496,29,management,single,tertiary,yes,no,,29,july,354,30020.4,351360
10026497,42,blue-collar,married,secondary,yes,no,,23,august,55,7318.8,30780
10026498,32,blue-collar,single,secondary,no,no,,9,september,392,15489,20880
10026499,37,admin.,married,secondary,yes,no,,5,october,123,0,137880
10026500,50,admin.,divorced,secondary,yes,no,,29,november,148,0,-90000
10026501,44,blue-collar,married,secondary,yes,no,,15,december,74,60494.4,363060
10026502,43,technician,married,secondary,yes,no,,7,january,267,28575,120960
10026503,41,services,married,primary,yes,no,,27,february,374,0,81000
10026504,45,admin.,married,secondary,yes,no,,9,march,295,0,-5580
10026505,41,admin.,married,tertiary,yes,no,,26,april,149,95994,976680
10026506,57,technician,married,secondary,yes,no,,25,may,226,68958,113220
10026507,34,self-employed,single,tertiary,yes,no,,24,june,668,108214.2,504000
10026508,47,services,married,secondary,yes,no,,7,july,95,159069.6,278820
10026509,49,technician,married,secondary,yes,no,,29,august,229,151549.2,1089000
10026510,58,blue-collar,married,primary,yes,no,,25,september,252,40167,253080
10026511,51,unemployed,married,secondary,yes,no,,13,october,286,0,76500
10026512,30,management,married,tertiary,yes,no,,14,november,242,0,-59040
10026513,47,services,divorced,secondary,yes,yes,,20,december,335,89575.2,77400
10026514,29,technician,single,secondary,no,no,,24,january,323,45511.2,1243980
10026515,51,blue-collar,married,primary,yes,no,,1,february,140,18630,19980
10026516,49,housemaid,single,primary,yes,no,,7,march,159,50725.8,208440
10026517,43,services,married,secondary,yes,no,,19,april,293,30184.2,148140
10026518,41,blue-collar,married,primary,yes,no,,9,may,85,33733.8,73800
10026519,29,admin.,single,secondary,yes,no,,18,june,343,59790.6,185040
10026520,42,blue-collar,married,primary,yes,no,,23,july,295,0,231840
10026521,34,blue-collar,single,secondary,yes,no,,10,august,360,0,-20700
10026522,44,management,married,tertiary,yes,yes,,7,september,183,55605.6,85320
10026523,44,services,divorced,secondary,yes,no,,6,october,304,38986.2,434880
10026524,30,management,married,tertiary,yes,no,,30,november,382,13201.2,41940
10026525,26,blue-collar,single,secondary,no,no,,15,december,514,14470.2,49860
10026526,28,technician,single,secondary,yes,no,,21,january,142,39902.4,50400
10026527,42,technician,married,tertiary,yes,yes,,27,february,162,121824,379080
10026528,40,housemaid,divorced,primary,yes,no,,26,march,301,48150,469800
10026529,49,retired,married,secondary,yes,no,,25,april,264,40109.4,59220
10026530,42,admin.,divorced,secondary,yes,no,,4,may,150,43500.6,325980
10026531,29,admin.,married,secondary,yes,yes,,1,june,49,82024.2,69660
10026532,47,blue-collar,married,primary,yes,no,,11,july,326,152231.4,1159020
10026533,42,management,married,,yes,no,,19,august,468,55764,239940
10026534,45,services,divorced,secondary,yes,no,,8,september,183,45820.8,155520
10026535,29,admin.,single,secondary,yes,no,,11,october,339,42519.6,162000
10026536,41,technician,married,tertiary,yes,no,,5,november,125,93693.6,133920
10026537,40,blue-collar,single,,yes,no,,17,december,232,277617.6,786600
10026538,48,admin.,married,secondary,yes,no,,1,january,312,78341.4,1175760
10026539,41,blue-collar,married,primary,yes,no,,13,february,423,44175.6,62640
10026540,60,retired,married,secondary,yes,no,,1,march,163,104437.8,373860
10026541,44,management,married,tertiary,no,no,,20,april,191,10501.2,350100
10026542,49,self-employed,single,tertiary,yes,no,,26,may,248,16072.2,3780
10026543,47,management,divorced,tertiary,yes,no,,22,june,146,147306.6,820080
10026544,48,technician,married,secondary,yes,no,,29,july,125,34367.4,317520
10026545,44,admin.,married,primary,yes,no,,21,august,234,0,44640
10026546,28,blue-collar,married,primary,no,no,,6,september,17,0,0
10026547,31,services,married,secondary,yes,no,,1,october,546,4856.4,6660
10026548,29,blue-collar,married,primary,yes,no,,24,november,554,12520.8,42480
10026549,28,student,single,secondary,yes,no,,22,december,162,11696.4,44280
10026550,43,services,divorced,secondary,yes,no,,20,january,436,9493.2,37080
10026551,32,services,married,secondary,yes,no,,15,february,297,20662.2,29160
10026552,44,technician,divorced,secondary,yes,no,,11,march,302,41227.2,175680
10026553,42,technician,married,secondary,yes,yes,,4,april,349,55895.4,116100
10026554,45,blue-collar,married,primary,yes,no,,11,may,174,41643,322920
10026555,31,admin.,single,secondary,yes,no,,8,june,180,93947.4,64440
10026556,48,technician,single,secondary,yes,no,,14,july,902,114523.2,1643580
10026557,45,blue-collar,married,primary,yes,no,,7,august,137,40642.2,95760
10026558,27,blue-collar,single,secondary,yes,no,,29,september,282,45950.4,207000
10026559,55,blue-collar,married,primary,yes,no,,24,october,321,21209.4,122400
10026560,45,entrepreneur,married,secondary,yes,no,,29,november,126,0,44100
10026561,50,unemployed,married,secondary,yes,no,,20,december,554,0,-2340
10026562,44,unemployed,married,secondary,yes,no,,28,january,21,16410.6,131040
10026563,45,admin.,married,secondary,yes,no,,16,february,427,10339.2,24660
10026564,51,housemaid,married,primary,no,no,,20,march,97,21799.8,52020
10026565,30,blue-collar,single,secondary,yes,no,,25,april,402,160876.8,109620
10026566,43,blue-collar,married,secondary,yes,no,,17,may,252,156186,2833200
10026567,41,blue-collar,married,primary,yes,no,,2,june,449,47892.6,103320
10026568,30,blue-collar,married,primary,yes,no,,21,july,360,37022.4,266400
10026569,41,blue-collar,married,secondary,yes,no,,20,august,89,19816.2,61740
10026570,29,blue-collar,married,secondary,yes,yes,,23,september,241,21744,76320
10026571,31,admin.,married,secondary,yes,no,,7,october,574,17575.2,74340
10026572,40,technician,single,secondary,yes,no,,13,november,274,40165.2,49860
10026573,41,blue-collar,married,secondary,yes,no,,28,december,154,65559.6,388260
10026574,43,admin.,divorced,secondary,yes,no,,6,january,71,0,132840
10026575,43,blue-collar,married,primary,yes,no,,16,february,122,0,-18180
10026576,50,entrepreneur,married,tertiary,yes,no,,7,march,166,0,-9360
10026577,40,unemployed,divorced,secondary,yes,no,,28,april,163,0,47160
10026578,23,blue-collar,single,secondary,yes,no,,3,may,167,0,-17100
10026579,37,admin.,married,secondary,yes,no,,5,june,91,25434,11880
10026580,47,blue-collar,married,secondary,yes,no,,17,july,133,53679.6,653400
10026581,29,blue-collar,married,secondary,yes,no,,27,august,594,34101,52920
10026582,46,technician,married,secondary,yes,no,,29,september,86,0,263700
10026583,31,admin.,married,secondary,yes,no,,30,october,40,0,0
10026584,57,technician,single,secondary,yes,no,,9,november,166,154702.8,1072980
10026585,54,blue-collar,married,secondary,yes,no,,4,december,302,,267660
10026586,44,blue-collar,married,primary,yes,no,,15,january,303,,-53100
10026587,36,blue-collar,married,secondary,no,no,,12,february,636,0,0
10026588,54,blue-collar,married,secondary,yes,no,,3,march,341,29199.6,39420
10026589,38,technician,married,secondary,yes,yes,,14,april,483,37438.2,259560
10026590,38,blue-collar,married,secondary,yes,no,,7,may,220,18153,64800
10026591,40,blue-collar,married,secondary,yes,no,,20,june,234,36140.4,61020
10026592,46,technician,married,secondary,yes,no,,10,july,32,10751.4,256860
10026593,41,admin.,single,secondary,yes,no,,3,august,211,6255,5400
10026594,33,management,married,tertiary,yes,no,,9,september,738,22896,86940
10026595,36,admin.,married,secondary,yes,no,,24,october,482,78503.4,72360
10026596,59,retired,married,secondary,yes,no,,28,november,238,0,1022040
10026597,49,blue-collar,married,primary,no,no,,6,december,370,0,0
10026598,49,blue-collar,married,secondary,yes,no,,10,january,76,28206,473580
10026599,44,blue-collar,married,primary,yes,no,,16,february,225,14169.6,20160
10026600,38,admin.,married,secondary,yes,no,,22,march,256,68614.2,119520
10026601,44,technician,married,secondary,yes,no,,27,april,567,14090.4,472680
10026602,43,technician,single,secondary,yes,no,,16,may,2241,4926.6,5040
10026603,42,blue-collar,married,primary,yes,no,,25,june,147,39432.6,57780
10026604,41,admin.,married,secondary,yes,no,,25,july,135,69213.6,322920
10026605,52,services,married,secondary,yes,no,,6,august,260,126882,178020
10026606,41,technician,single,tertiary,yes,no,,16,september,254,82290.6,1085220
10026607,29,blue-collar,married,secondary,yes,no,,1,october,1118,,74880
10026608,36,blue-collar,married,,yes,no,,13,november,76,,-70020
10026609,42,blue-collar,married,,yes,no,,19,december,79,16702.2,226800
10026610,34,management,married,tertiary,no,no,,29,january,94,4561.2,14760
10026611,35,technician,married,secondary,yes,yes,,28,february,208,36644.4,16920
10026612,41,blue-collar,divorced,secondary,yes,no,,21,march,1423,220420.8,952380
10026613,57,retired,married,primary,yes,no,,21,april,271,0,612180
10026614,46,self-employed,married,secondary,yes,yes,,5,may,166,,0
10026615,58,admin.,married,secondary,yes,yes,,14,june,256,,-215280
10026616,50,blue-collar,married,secondary,yes,no,,4,july,19,82405.8,145800
10026617,57,technician,divorced,secondary,yes,no,,24,august,173,54246.6,558900
10026618,47,technician,married,secondary,yes,no,,10,september,367,49753.8,63180
10026619,46,blue-collar,single,secondary,yes,no,,3,october,414,62618.4,470160
10026620,47,blue-collar,divorced,primary,yes,no,,8,november,227,23884.2,100080
10026621,49,blue-collar,divorced,primary,yes,no,,26,december,349,31269.6,68400
10026622,49,blue-collar,married,primary,yes,no,,17,january,278,44971.2,171540
10026623,26,blue-collar,single,secondary,yes,yes,,23,february,103,35713.8,141480
10026624,52,management,married,tertiary,yes,no,,12,march,249,32502.6,108180
10026625,47,management,married,secondary,yes,no,,1,april,143,0,117180
10026626,43,technician,single,secondary,yes,no,,9,may,37,0,0
10026627,20,student,single,tertiary,yes,no,,8,june,168,0,14220
10026628,43,services,married,secondary,yes,no,,19,july,260,0,0
10026629,53,admin.,married,secondary,yes,no,,13,august,162,71317.8,803520
10026630,40,self-employed,married,primary,yes,no,,21,september,187,26103.6,75960
10026631,52,technician,married,secondary,no,no,,13,october,266,14092.2,107640
10026632,43,technician,divorced,tertiary,no,no,,5,november,279,0,22140
10026633,55,management,married,tertiary,yes,no,,28,december,159,0,0
10026634,41,entrepreneur,married,secondary,yes,no,,11,january,318,0,129240
10026635,36,blue-collar,married,secondary,yes,yes,,24,february,104,0,-73080
10026636,57,management,divorced,secondary,yes,no,,17,march,747,0,652500
10026637,30,admin.,single,secondary,yes,no,,20,april,1204,0,-6300
10026638,41,management,married,tertiary,no,no,,3,may,95,58534.2,203760
10026639,56,services,married,secondary,yes,no,,2,june,176,101547,201780
10026640,44,blue-collar,married,primary,yes,no,,11,july,179,87220.8,613260
10026641,45,blue-collar,married,secondary,yes,no,,7,august,319,32430.6,148860
10026642,43,retired,married,primary,no,yes,,5,september,114,61124.4,84780
10026643,50,technician,married,tertiary,yes,no,,15,october,170,,528840
10026644,26,blue-collar,married,primary,yes,yes,,9,november,311,,-39420
10026645,34,services,single,secondary,yes,no,,27,december,362,,129420
10026646,39,admin.,married,primary,yes,no,,18,january,347,,-79020
10026647,32,management,single,tertiary,yes,no,,12,february,86,,0
10026648,46,services,married,secondary,yes,no,,30,march,101,2964.6,13320
10026649,58,management,married,tertiary,yes,no,,6,april,288,2485.8,7920
10026650,54,entrepreneur,married,secondary,yes,no,,29,may,44,9032.4,9360
10026651,40,services,married,secondary,yes,no,,24,june,1013,36729,104580
10026652,42,management,married,primary,yes,no,,9,july,90,24523.2,154800
10026653,42,unemployed,married,primary,yes,no,,6,august,155,8150.4,46620
10026654,50,blue-collar,married,secondary,yes,no,,8,september,468,,17100
10026655,50,management,married,tertiary,yes,no,,1,october,226,,-92880
10026656,42,housemaid,single,primary,yes,no,,23,november,54,146889,1039320
10026657,41,blue-collar,married,secondary,yes,no,,12,december,1162,138468.6,249120
10026658,50,blue-collar,married,primary,yes,no,,14,january,114,201060,923580
10026659,42,admin.,married,secondary,yes,no,,23,february,349,66186,525240
10026660,46,admin.,married,secondary,yes,yes,,28,march,646,57924,100080
10026661,48,admin.,married,secondary,yes,yes,,3,april,755,,402300
10026662,50,management,married,tertiary,yes,no,,11,may,305,,-25740
10026663,52,technician,divorced,primary,no,no,,1,june,148,479755.8,270000
10026664,43,admin.,single,secondary,no,no,,23,july,243,611884.8,10229580
10026665,57,management,married,tertiary,yes,no,,6,august,391,115929,439200
10026666,49,admin.,single,secondary,yes,no,,7,september,204,61110,367200
10026667,30,management,married,secondary,yes,no,,7,october,236,95729.4,122040
10026668,52,technician,married,secondary,yes,no,,17,november,112,210907.8,901080
10026669,41,housemaid,married,primary,yes,no,,17,december,125,69462,592380
10026670,47,services,married,secondary,yes,no,,21,january,141,77038.2,97740
10026671,46,admin.,married,secondary,yes,no,,27,february,360,0,728640
10026672,27,services,married,secondary,yes,no,,28,march,312,0,0
10026673,46,services,married,secondary,yes,no,,5,april,366,60885,588420
10026674,53,entrepreneur,married,tertiary,yes,no,,22,may,100,0,75600
10026675,51,retired,married,secondary,no,no,,28,june,70,0,0
10026676,47,technician,married,secondary,yes,no,,26,july,254,37105.2,36180
10026677,60,retired,married,secondary,yes,yes,,3,august,230,27072,456660
10026678,47,management,divorced,tertiary,no,no,,1,september,246,42073.2,19260
10026679,48,services,married,secondary,yes,no,,8,october,97,273115.8,1102860
10026680,45,blue-collar,married,secondary,yes,no,,15,november,135,,811620
10026681,52,blue-collar,divorced,primary,yes,no,,26,december,755,,-34380
10026682,53,retired,married,tertiary,yes,no,,18,january,73,37742.4,32940
10026683,54,technician,married,tertiary,yes,yes,,12,february,12,139917.6,518940
10026684,46,admin.,divorced,secondary,yes,yes,,25,march,65,86740.2,452700
10026685,48,admin.,divorced,secondary,yes,no,,23,april,420,12943.8,199440
10026686,43,retired,married,secondary,yes,yes,,16,may,259,13856.4,10080
10026687,42,unemployed,married,tertiary,yes,no,,20,june,192,80587.8,228600
10026688,56,retired,married,secondary,yes,no,,23,july,189,0,340920
10026689,48,services,divorced,secondary,yes,yes,,4,august,263,0,0
10026690,45,blue-collar,married,primary,yes,no,,3,september,126,89226,399060
10026691,51,admin.,married,primary,yes,no,,27,october,415,106743.6,239400
10026692,43,self-employed,single,,no,no,,17,november,746,135937.8,571140
10026693,42,technician,single,tertiary,yes,yes,,3,december,260,77563.8,388260
10026694,44,management,married,tertiary,yes,no,,5,january,71,107676,185940
10026695,40,services,married,secondary,yes,no,,26,february,735,194803.2,748260
10026696,57,management,married,secondary,yes,no,,29,march,75,131074.2,608580
10026697,42,technician,single,secondary,yes,no,,23,april,87,0,338760
10026698,58,services,married,secondary,yes,no,,28,may,183,0,0
10026699,40,services,divorced,secondary,yes,no,,14,june,62,137788.2,346860
10026700,49,services,divorced,secondary,yes,yes,,16,july,150,49030.2,656820
10026701,46,management,single,secondary,yes,no,,24,august,244,33514.2,43920
10026702,54,technician,divorced,secondary,yes,no,,26,september,367,73202.4,306900
10026703,60,entrepreneur,married,tertiary,yes,no,,5,october,325,171504,209520
10026704,42,blue-collar,married,secondary,yes,no,,14,november,197,202327.2,1684620
10026705,43,blue-collar,married,primary,yes,no,,1,december,121,25529.4,291600
10026706,41,self-employed,married,secondary,yes,no,,9,january,27,31579.2,26820
10026707,60,retired,divorced,secondary,yes,yes,,2,february,157,211118.4,446220
10026708,51,entrepreneur,married,tertiary,yes,yes,,11,march,203,185457.6,1198620
10026709,48,blue-collar,married,secondary,yes,no,,17,april,115,89850.6,344340
10026710,41,blue-collar,divorced,primary,yes,no,,17,may,112,54660.6,281340
10026711,50,blue-collar,single,secondary,yes,no,,5,june,104,47332.8,127440
10026712,41,blue-collar,married,primary,yes,no,,19,july,153,81246.6,210960
10026713,60,retired,married,secondary,yes,no,,10,august,182,54325.8,375480
10026714,54,blue-collar,married,secondary,yes,no,,3,september,55,17683.2,94320
10026715,49,entrepreneur,married,tertiary,yes,no,,5,october,305,5571,39780
10026716,47,management,married,primary,yes,yes,,24,november,140,,9360
10026717,36,blue-collar,single,secondary,yes,no,,18,december,180,,-31500
10026718,45,blue-collar,married,secondary,yes,no,,22,january,644,,-26820
10026719,49,admin.,married,secondary,yes,no,,4,february,173,,275400
10026720,47,blue-collar,married,primary,yes,no,,20,march,374,,-18000
10026721,46,admin.,married,secondary,no,yes,,28,april,240,26746.2,348120
10026722,29,management,married,tertiary,yes,yes,,22,may,1088,10103.4,24660
10026723,44,entrepreneur,married,primary,yes,yes,,21,june,219,36194.4,49680
10026724,52,blue-collar,divorced,primary,yes,no,,30,july,41,15251.4,316440
10026725,33,blue-collar,single,secondary,yes,no,,1,august,558,11269.8,8820
10026726,43,blue-collar,married,secondary,yes,no,,2,september,436,49856.4,172800
10026727,45,blue-collar,married,primary,yes,no,,2,october,463,58152.6,172620
10026728,42,blue-collar,single,secondary,yes,no,,28,november,265,56084.4,235080
10026729,50,technician,married,secondary,yes,yes,,18,december,234,116319.6,160560
10026730,58,technician,married,secondary,yes,no,,27,january,113,95796,1011240
10026731,50,blue-collar,married,,yes,no,,18,february,200,90743.4,108900
10026732,56,blue-collar,divorced,primary,yes,no,,1,march,158,116897.4,907380
10026733,46,blue-collar,married,secondary,yes,no,,2,april,34,17733.6,180720
10026734,44,blue-collar,single,primary,yes,no,,30,may,160,8395.2,20880
10026735,52,admin.,married,secondary,yes,no,,27,june,167,20577.6,40500
10026736,55,services,married,secondary,yes,no,,15,july,206,68137.2,125460
10026737,44,blue-collar,married,primary,yes,no,,24,august,36,59022,444060
10026738,46,services,married,secondary,no,no,,5,september,504,12234.6,94140
10026739,47,admin.,divorced,secondary,yes,no,,15,october,303,15064.2,19080
10026740,40,blue-collar,divorced,secondary,yes,no,,11,november,109,61335,142740
10026741,48,blue-collar,married,primary,yes,no,,9,december,90,20314.8,316260
10026742,34,housemaid,married,primary,yes,no,,11,january,139,18646.2,15660
10026743,46,blue-collar,divorced,secondary,yes,no,,16,february,257,61936.2,266400
10026744,43,unemployed,married,primary,yes,yes,,22,march,241,82893.6,172800
10026745,40,blue-collar,married,primary,yes,no,,16,april,94,0,477180
10026746,39,entrepreneur,married,secondary,yes,no,,2,may,171,0,0
10026747,57,retired,married,primary,yes,no,,17,june,178,89501.4,562140
10026748,54,blue-collar,married,primary,yes,no,,29,july,285,97603.2,171000
10026749,46,management,married,secondary,yes,no,,5,august,86,97961.4,668520
10026750,41,services,married,secondary,yes,no,,17,september,326,91157.4,172260
10026751,47,services,married,secondary,yes,no,,9,october,451,266022,578880
10026752,40,blue-collar,married,secondary,yes,no,,5,november,347,220624.2,1467000
10026753,50,blue-collar,married,primary,yes,no,,12,december,116,49424.4,398160
10026754,40,blue-collar,married,primary,yes,no,,10,january,191,,73620
10026755,47,blue-collar,married,primary,yes,yes,,12,february,77,,-249300
10026756,57,retired,divorced,tertiary,yes,no,,17,march,1036,126455.4,452880
10026757,47,admin.,married,secondary,yes,no,,30,april,303,59659.2,423720
10026758,44,blue-collar,married,secondary,yes,no,,17,may,80,89569.8,100800
10026759,47,blue-collar,married,secondary,yes,no,,25,june,322,39877.2,955080
10026760,53,entrepreneur,married,secondary,yes,no,,23,july,750,9793.8,19980
10026761,59,blue-collar,married,primary,yes,no,,6,august,695,0,57600
10026762,40,entrepreneur,married,secondary,yes,yes,,11,september,435,0,0
10026763,60,entrepreneur,divorced,secondary,yes,no,,23,october,397,20539.8,14400
10026764,45,entrepreneur,married,primary,yes,no,,13,november,95,107510.4,351540
10026765,57,blue-collar,married,secondary,no,no,,2,december,208,108579.6,394560
10026766,45,blue-collar,married,primary,yes,no,,15,january,163,28022.4,358560
10026767,44,blue-collar,married,,yes,no,,7,february,483,0,26280
10026768,21,services,married,secondary,yes,yes,,26,march,168,0,0
10026769,42,management,single,tertiary,yes,no,,6,april,161,3385.8,382320
10026770,30,blue-collar,married,secondary,yes,no,,19,may,1000,2367,360
10026771,57,entrepreneur,married,secondary,yes,yes,,13,june,112,,186660
10026772,53,admin.,divorced,secondary,yes,no,,9,july,599,,-70920
10026773,51,management,single,tertiary,no,no,,9,august,30,275653.8,1171800
10026774,53,technician,married,tertiary,yes,no,,14,september,58,231260.4,778140
10026775,54,technician,married,tertiary,yes,no,,27,october,165,172312.2,824760
10026776,44,management,married,tertiary,yes,no,,24,november,74,104275.8,432000
10026777,56,retired,married,secondary,yes,no,,3,december,79,42836.4,302040
10026778,46,technician,divorced,tertiary,yes,no,,8,january,231,62593.2,72900
10026779,45,technician,married,secondary,yes,no,,15,february,191,80267.4,644940
10026780,42,blue-collar,married,primary,yes,no,,27,march,202,35881.2,119880
10026781,49,admin.,single,secondary,yes,no,,28,april,1257,25788.6,128880
10026782,56,retired,married,secondary,yes,no,,4,may,221,24400.8,61920
10026783,44,blue-collar,single,secondary,no,no,,14,june,257,33616.8,115380
10026784,54,entrepreneur,married,secondary,yes,no,,21,july,352,16477.2,117540
10026785,51,self-employed,divorced,secondary,yes,no,,28,august,285,35424,27720
10026786,49,blue-collar,single,primary,yes,no,,19,september,93,73335.6,543240
10026787,45,admin.,divorced,secondary,yes,no,,17,october,71,67766.4,118800
10026788,58,retired,married,tertiary,yes,yes,,21,november,290,139204.8,463860
10026789,53,blue-collar,married,,yes,no,,10,december,1165,118422,501300
10026790,42,technician,married,secondary,yes,no,,29,january,164,41437.8,335700
10026791,49,,married,primary,yes,yes,,25,february,520,32932.8,61380
10026792,53,admin.,single,secondary,yes,no,,29,march,295,40510.8,212040
10026793,50,services,single,secondary,yes,no,,18,april,187,176538.6,92880
10026794,53,entrepreneur,married,tertiary,yes,no,,15,may,106,219816,4026600
10026795,26,blue-collar,married,secondary,yes,no,,5,june,219,51271.2,144000
10026796,46,management,married,tertiary,yes,no,,13,july,236,172702.8,219060
10026797,45,services,married,secondary,yes,no,,27,august,139,106293.6,1633860
10026798,50,entrepreneur,married,primary,yes,no,,1,september,651,27259.2,82980
10026799,42,blue-collar,married,secondary,yes,no,,14,october,124,3808.8,107460
10026800,42,management,married,tertiary,yes,no,,11,november,98,13824,1620
10026801,54,services,married,,yes,no,,11,december,145,161211.6,1415520
10026802,60,retired,married,tertiary,yes,no,,23,january,120,93105,220320
10026803,49,blue-collar,single,primary,yes,no,,8,february,291,161350.2,472140
10026804,40,entrepreneur,married,primary,yes,yes,,25,march,101,97255.8,661680
10026805,45,blue-collar,married,secondary,yes,no,,1,april,417,52250.4,171540
10026806,40,blue-collar,married,primary,yes,no,,13,may,191,93013.2,190980
10026807,60,admin.,divorced,secondary,yes,no,,5,june,131,166626,543600
10026808,42,blue-collar,married,primary,yes,no,,3,july,221,0,612900
10026809,60,retired,married,secondary,yes,no,,1,august,229,,0
10026810,60,retired,married,secondary,yes,no,,16,september,104,,-37440
10026811,41,blue-collar,married,primary,yes,no,,17,october,72,93576.6,152820
10026812,60,blue-collar,married,primary,no,no,,17,november,186,27997.2,687600
10026813,23,technician,single,secondary,yes,no,,5,december,23,8425.8,13680
10026814,46,blue-collar,married,primary,yes,no,,19,january,402,,62280
10026815,44,services,married,secondary,yes,no,,20,february,37,,-3960
10026816,29,blue-collar,single,secondary,yes,no,,14,march,68,26517.6,157320
10026817,34,blue-collar,married,secondary,yes,no,,27,april,182,77553,53640
10026818,59,services,married,secondary,no,no,,12,may,587,45149.4,1345500
10026819,50,management,married,tertiary,yes,no,,28,june,348,26967.6,18180
10026820,60,admin.,married,,yes,no,,27,july,140,126406.8,480060
10026821,49,blue-collar,married,secondary,yes,no,,20,august,51,30767.4,399420
10026822,55,blue-collar,married,primary,yes,no,,23,september,176,35371.8,28440
10026823,54,blue-collar,married,primary,yes,no,,21,october,144,,527940
10026824,42,blue-collar,married,primary,yes,no,,1,november,297,,-32580
10026825,60,blue-collar,married,primary,yes,no,,10,december,203,209032.2,1041840
10026826,47,services,married,secondary,yes,no,,30,january,57,221959.8,503280
10026827,41,management,married,secondary,no,no,,23,february,334,144925.2,1174680
10026828,47,admin.,single,tertiary,yes,no,,13,march,217,46261.8,214560
10026829,41,technician,married,secondary,yes,no,,27,april,74,35528.4,119700
10026830,57,retired,married,secondary,yes,no,,13,may,405,96715.8,126540
10026831,53,management,married,tertiary,yes,no,,8,june,738,154155.6,887040
10026832,44,blue-collar,married,secondary,yes,no,,20,july,452,,321480
10026833,35,entrepreneur,single,tertiary,yes,yes,,8,august,203,,-12240
10026834,41,housemaid,married,tertiary,yes,no,,12,september,230,0,6840
10026835,28,student,single,secondary,yes,no,,25,october,133,0,0
10026836,55,admin.,married,secondary,yes,yes,,16,november,94,164219.4,198900
10026837,55,admin.,married,secondary,yes,no,,9,december,187,,1627020
10026838,40,services,married,primary,yes,no,,4,january,920,,-1620
10026839,35,management,married,tertiary,yes,yes,,19,february,136,3058.2,1080
10026840,58,management,divorced,tertiary,no,no,,1,march,1244,3058.2,103860
10026841,25,management,single,tertiary,yes,yes,,13,april,225,1123.2,1080
10026842,43,technician,married,secondary,yes,no,,2,may,80,2052,14040
10026843,29,services,single,secondary,yes,no,,18,june,431,2167.2,3600
10026844,46,blue-collar,single,primary,no,no,,7,july,78,,15660
10026845,41,admin.,married,primary,yes,no,,5,august,500,,-55080
10026846,60,retired,married,,yes,no,,12,september,301,0,14220
10026847,47,blue-collar,married,primary,yes,no,,22,october,30,0,0
10026848,60,retired,married,primary,yes,no,,12,november,133,0,135180
10026849,33,blue-collar,married,primary,yes,no,,27,december,270,0,0
10026850,34,admin.,single,secondary,yes,no,,21,january,218,0,306720
10026851,57,admin.,married,,yes,no,,5,february,215,0,0
10026852,42,services,married,,yes,no,,26,march,299,918,1440
10026853,47,blue-collar,married,secondary,yes,no,,10,april,160,1450.8,7020
10026854,33,technician,divorced,primary,yes,no,,21,may,172,3978,3600
10026855,43,technician,single,secondary,yes,no,,25,june,49,11143.8,52740
10026856,40,management,single,tertiary,yes,no,,13,july,68,14367.6,28260
10026857,35,blue-collar,single,secondary,yes,no,,22,august,117,15888.6,87660
10026858,26,technician,single,tertiary,yes,no,,17,september,477,8397,34560
10026859,53,blue-collar,married,secondary,yes,no,,9,october,99,22082.4,24480
10026860,55,blue-collar,married,secondary,yes,no,,14,november,100,61007.4,239040
10026861,46,management,married,tertiary,yes,yes,,2,december,200,11955.6,186840
10026862,24,services,married,secondary,yes,yes,,3,january,187,20352.6,9180
10026863,47,blue-collar,married,secondary,yes,yes,,7,february,236,0,541440
10026864,41,blue-collar,married,secondary,yes,no,,22,march,50,0,-36720
10026865,55,services,divorced,primary,yes,no,,3,april,104,42697.8,526140
10026866,32,blue-collar,married,secondary,yes,no,,14,may,51,,41580
10026867,30,technician,married,tertiary,yes,no,,21,june,51,,-46080
10026868,54,services,divorced,primary,yes,no,,11,july,140,13489.2,42120
10026869,41,technician,married,secondary,yes,no,,6,august,221,29851.2,51840
10026870,42,management,single,tertiary,yes,no,,28,september,98,97304.4,206280
10026871,43,blue-collar,married,secondary,yes,no,,22,october,253,86565.6,550800
10026872,54,admin.,married,,yes,no,,21,november,71,28600.2,163260
10026873,56,management,married,tertiary,yes,no,,24,december,127,35200.8,60120
10026874,54,self-employed,divorced,secondary,yes,no,,11,january,74,21448.8,247320
10026875,30,blue-collar,married,primary,yes,no,,30,february,126,4977,22320
10026876,53,retired,married,tertiary,yes,no,,14,march,122,16502.4,13320
10026877,45,management,married,tertiary,yes,no,,9,april,657,50023.8,245340
10026878,41,blue-collar,married,secondary,yes,no,,21,may,173,12565.8,122400
10026879,28,blue-collar,married,secondary,yes,yes,,10,june,918,19944,15480
10026880,58,admin.,divorced,secondary,no,no,,8,july,544,135846,308340
10026881,57,services,married,primary,yes,no,,16,august,309,206676,718200
10026882,54,admin.,married,,yes,no,,2,september,138,45455.4,713700
10026883,39,unemployed,divorced,secondary,yes,no,,12,october,73,56194.2,34740
10026884,41,management,married,tertiary,yes,no,,23,november,71,46474.2,1090800
10026885,60,services,married,,yes,no,,9,december,29,21715.2,23760
10026886,42,management,married,tertiary,yes,yes,,24,january,193,107530.2,238140
10026887,47,blue-collar,married,secondary,yes,no,,17,february,198,46929.6,582660
10026888,41,entrepreneur,divorced,tertiary,no,no,,3,march,57,7560,45360
10026889,46,blue-collar,married,secondary,yes,no,,4,april,49,0,15120
10026890,45,management,single,tertiary,yes,no,,5,may,197,0,0
10026891,48,services,single,primary,yes,no,,20,june,98,13869,152640
10026892,57,services,married,secondary,yes,no,,30,july,59,6564.6,15120
10026893,54,blue-collar,divorced,primary,yes,no,,19,august,196,28053,34200
10026894,30,technician,married,secondary,yes,yes,,12,september,243,72754.2,276120
10026895,41,management,single,tertiary,yes,no,,30,october,344,29487.6,230040
10026896,46,blue-collar,married,primary,yes,no,,30,november,570,28751.4,45360
10026897,35,blue-collar,single,primary,yes,no,,12,december,597,,218700
10026898,28,blue-collar,single,primary,yes,no,,20,january,43,,-82260
10026899,58,management,divorced,tertiary,no,no,,30,february,525,0,62460
10026900,35,technician,divorced,tertiary,yes,no,,3,march,759,0,0
10026901,25,technician,single,tertiary,yes,no,,8,april,147,5949,84240
10026902,56,technician,married,secondary,yes,no,,18,may,236,4941,5040
10026903,41,services,single,secondary,yes,no,,28,june,122,5756.4,58140
10026904,44,management,married,secondary,yes,no,,22,july,152,,6840
10026905,36,unemployed,married,secondary,yes,no,,12,august,133,,-57240
10026906,41,services,married,secondary,yes,yes,,15,september,504,0,128520
10026907,58,self-employed,married,secondary,yes,no,,13,october,272,0,0
10026908,46,blue-collar,married,secondary,yes,no,,7,november,164,38944.8,96480
10026909,42,services,married,secondary,yes,no,,18,december,51,11775.6,188640
10026910,58,technician,married,,yes,no,,8,january,75,,8820
10026911,53,admin.,married,secondary,yes,yes,,26,february,178,,-35460
10026912,51,blue-collar,married,secondary,yes,no,,27,march,99,81180,320220
10026913,38,housemaid,married,secondary,yes,yes,,3,april,224,9428.4,246960
10026914,54,blue-collar,married,primary,yes,no,,19,may,34,11194.2,4320
10026915,46,self-employed,single,tertiary,yes,no,,22,june,236,223207.2,348120
10026916,39,management,divorced,tertiary,no,no,,24,july,815,96834.6,1717380
10026917,22,student,single,secondary,yes,no,,2,august,282,18730.8,65520
10026918,47,admin.,divorced,primary,yes,yes,,15,september,134,13953.6,64260
10026919,34,services,divorced,secondary,yes,no,,10,october,318,12380.4,36360
10026920,42,admin.,married,secondary,yes,no,,6,november,118,58948.2,50580
10026921,44,technician,married,tertiary,yes,no,,30,december,911,224067.6,824400
10026922,45,services,married,secondary,yes,no,,2,january,238,0,730800
10026923,38,admin.,married,secondary,yes,no,,10,february,225,0,0
10026924,46,blue-collar,married,primary,yes,no,,18,march,490,3468.6,200520
10026925,34,technician,married,secondary,yes,no,,9,april,644,2406.6,720
10026926,41,technician,divorced,secondary,yes,no,,7,may,76,24975,96480
10026927,27,blue-collar,single,primary,yes,no,,28,june,286,54495,77580
10026928,56,unemployed,married,secondary,yes,no,,26,july,176,235018.8,459360
10026929,43,management,married,tertiary,yes,no,,16,august,422,,1442880
10026930,34,management,married,,yes,no,,15,september,328,,-63540
10026931,25,student,single,secondary,yes,no,,4,october,22,38977.2,205020
10026932,35,unemployed,married,primary,yes,no,,9,november,71,30027.6,88920
10026933,46,entrepreneur,married,,yes,yes,,30,december,106,22887,121680
10026934,32,admin.,single,secondary,no,no,,18,january,465,23961.6,51660
10026935,55,technician,married,secondary,yes,no,,23,february,973,60706.8,133380
10026936,40,retired,married,secondary,no,no,,15,march,56,141114.6,331560
10026937,43,management,married,tertiary,yes,no,,6,april,190,33206.4,720720
10026938,41,entrepreneur,married,tertiary,no,no,,26,may,323,8766,18360
10026939,33,blue-collar,single,primary,yes,no,,9,june,113,2125.8,50220
10026940,32,management,single,secondary,yes,no,,29,july,228,3229.2,1080
10026941,39,technician,married,primary,yes,no,,24,august,110,29397.6,115920
10026942,42,management,divorced,tertiary,no,no,,12,september,84,23225.4,89460
10026943,33,technician,single,secondary,yes,yes,,4,october,59,20862,72360
10026944,32,services,married,secondary,yes,no,,20,november,294,5794.2,72180
10026945,46,admin.,married,primary,yes,no,,10,december,144,,5580
10026946,42,blue-collar,married,secondary,yes,yes,,27,january,251,,-113040
10026947,39,admin.,married,secondary,yes,no,,22,february,444,12187.8,107640
10026948,43,blue-collar,divorced,primary,yes,no,,29,march,237,,16560
10026949,33,management,single,tertiary,yes,no,,7,april,399,,-112500
10026950,59,management,married,tertiary,yes,no,,4,may,132,78373.8,417420
10026951,48,entrepreneur,married,tertiary,yes,no,,22,june,995,40030.2,176580
10026952,31,blue-collar,married,primary,yes,no,,5,july,334,130332.6,108900
10026953,47,management,divorced,tertiary,yes,no,,25,august,59,148366.8,1871820
10026954,54,technician,divorced,secondary,yes,yes,,28,september,579,37940.4,141120
10026955,48,blue-collar,married,primary,yes,no,,27,october,387,40491,122400
10026956,33,management,divorced,tertiary,yes,no,,10,november,279,15055.2,160740
10026957,27,services,married,secondary,yes,no,,15,december,352,8076.6,16920
10026958,47,admin.,married,secondary,yes,no,,14,january,484,22645.8,46260
10026959,56,blue-collar,single,primary,yes,no,,13,february,95,1998,133020
10026960,26,technician,single,secondary,yes,yes,,2,march,461,,360
10026961,55,management,married,,yes,no,,2,april,30,,-30780
10026962,33,blue-collar,married,secondary,yes,no,,5,may,561,21999.6,39060
10026963,52,blue-collar,married,,yes,no,,5,june,468,26420.4,148680
10026964,60,services,single,primary,yes,no,,13,july,920,9464.4,56340
10026965,50,management,married,tertiary,yes,no,,26,august,388,35967.6,19080
10026966,43,blue-collar,married,secondary,yes,no,,16,september,100,359262,813600
10026967,29,management,married,tertiary,no,no,,4,october,1224,102231,1903680
10026968,54,management,married,primary,yes,no,,5,november,589,19121.4,65880
10026969,30,admin.,divorced,secondary,yes,no,,28,december,160,69993,66600
10026970,50,management,married,tertiary,yes,no,,7,january,438,0,882720
10026971,48,technician,married,secondary,yes,yes,,20,february,964,0,0
10026972,55,services,divorced,secondary,yes,yes,,4,march,384,0,12960
10026973,56,housemaid,divorced,secondary,no,no,,13,april,103,0,0
10026974,48,management,married,,yes,no,,23,may,52,64386,198540
10026975,36,blue-collar,single,secondary,yes,no,,13,june,205,,250560
10026976,41,retired,divorced,primary,yes,no,,10,july,1156,,-41940
10026977,30,management,single,tertiary,yes,no,,22,august,73,11887.2,14040
10026978,59,management,single,secondary,yes,yes,,27,september,157,20323.8,120780
10026979,27,blue-collar,single,secondary,yes,yes,,7,october,186,20248.2,41040
10026980,55,,married,,no,no,,11,november,73,30578.4,119880
10026981,45,services,married,secondary,yes,no,,1,december,714,70110,93600
10026982,58,blue-collar,married,primary,yes,no,,3,january,544,41817.6,630180
10026983,44,technician,married,secondary,yes,no,,23,february,194,7344,33300
10026984,43,blue-collar,married,primary,yes,yes,,28,march,420,20370.6,19440
10026985,59,retired,married,primary,yes,no,,23,april,584,97081.2,256140
10026986,41,blue-collar,married,primary,yes,no,,29,may,1052,10918.8,441540
10026987,43,housemaid,married,primary,yes,yes,,18,june,192,12196.8,3240
10026988,49,services,single,secondary,yes,no,,24,july,155,0,550980
10026989,44,blue-collar,married,primary,yes,no,,23,august,226,0,0
10026990,48,blue-collar,married,primary,yes,no,,4,september,1231,36896.4,100620
10026991,40,blue-collar,married,primary,yes,no,,21,october,619,32020.2,162360
10026992,43,blue-collar,single,secondary,yes,no,,6,november,298,23839.2,75780
10026993,26,blue-collar,married,primary,yes,no,,24,december,21,31946.4,90000
10026994,46,blue-collar,married,secondary,yes,no,,2,january,401,24246,136080
10026995,58,blue-collar,married,secondary,yes,no,,12,february,404,29773.8,51840
10026996,53,blue-collar,married,secondary,yes,no,,21,march,241,90450,205200
10026997,56,services,married,secondary,yes,no,,19,april,302,67347,478440
10026998,43,blue-collar,married,primary,yes,no,,28,may,440,21184.2,113760
10026999,36,blue-collar,single,primary,yes,no,,21,june,172,0,47340
10027000,34,blue-collar,married,,yes,no,,13,july,319,0,-3060
10027001,51,blue-collar,married,secondary,yes,no,,29,august,1051,92257.2,126180
10027002,51,blue-collar,married,primary,yes,no,,8,september,276,99171,809460
10027003,45,blue-collar,married,primary,yes,no,,25,october,213,,145800
10027004,54,blue-collar,married,primary,yes,no,,15,november,276,,-39420
10027005,42,admin.,married,secondary,yes,no,,29,december,194,73227.6,122220
10027006,53,services,married,secondary,yes,no,,5,january,1392,37807.2,526500
10027007,35,self-employed,single,primary,yes,no,,6,february,19,43320.6,32580
10027008,49,management,married,tertiary,yes,no,,5,march,146,144504,691200
10027009,55,technician,married,secondary,yes,yes,,17,april,253,99455.4,362520
10027010,31,technician,single,secondary,yes,no,,2,may,226,57148.2,327420
10027011,52,blue-collar,married,secondary,yes,no,,6,june,57,26631,119700
10027012,50,housemaid,married,primary,yes,no,,24,july,419,7659,71100
10027013,32,services,married,secondary,yes,no,,23,august,546,6957,9900
10027014,34,blue-collar,married,secondary,yes,yes,,3,september,150,34650,58680
10027015,42,technician,single,secondary,yes,no,,29,october,1867,,245520
10027016,33,management,single,secondary,yes,no,,9,november,156,,-31320
10027017,43,management,married,tertiary,yes,no,,11,december,184,131234.4,1020600
10027018,31,blue-collar,divorced,secondary,no,yes,,10,january,548,0,202500
10027019,25,blue-collar,single,secondary,yes,no,,8,february,244,0,0
10027020,49,technician,married,secondary,yes,no,,22,march,328,149250.6,658260
10027021,56,admin.,married,secondary,yes,no,,26,april,171,68839.2,406080
10027022,43,blue-collar,married,primary,yes,yes,,28,may,284,11133,140040
10027023,41,blue-collar,married,secondary,yes,no,,11,june,75,10315.8,10620
10027024,46,blue-collar,married,secondary,yes,no,,5,july,1263,115839,120240
10027025,60,retired,single,tertiary,yes,no,,23,august,92,141802.2,1339200
10027026,48,blue-collar,married,primary,yes,no,,18,september,422,1643.4,180180
10027027,57,admin.,divorced,primary,no,no,,21,october,17,1888.2,180
10027028,42,blue-collar,married,primary,no,no,,3,november,301,75609,237600
10027029,50,blue-collar,married,secondary,yes,no,,7,december,267,62431.2,288720
10027030,36,management,married,tertiary,yes,no,,3,january,475,85154.4,162000
10027031,44,management,married,secondary,yes,no,,4,february,770,143672.4,537120
10027032,40,blue-collar,married,primary,yes,no,,8,march,487,87309,461160
10027033,55,admin.,married,secondary,yes,no,,18,april,126,47491.2,198360
10027034,24,blue-collar,single,primary,yes,no,,15,may,129,46992.6,136440
10027035,52,blue-collar,married,primary,yes,no,,7,june,257,80076.6,194220
10027036,49,services,married,secondary,yes,no,,10,july,233,40131,396180
10027037,30,services,married,secondary,yes,no,,30,august,365,23767.2,48780
10027038,32,services,single,secondary,yes,no,,6,september,697,30112.2,138960
10027039,46,technician,divorced,secondary,yes,no,,25,october,192,21997.8,78300
10027040,36,blue-collar,married,secondary,yes,no,,6,november,244,29998.8,74160
10027041,44,technician,divorced,secondary,yes,no,,21,december,118,35440.2,145620
10027042,48,blue-collar,married,primary,no,no,,6,january,101,68619.6,103500
10027043,49,technician,married,secondary,no,no,,12,february,125,58086,545940
10027044,44,blue-collar,married,primary,yes,no,,10,march,56,23490,74160
10027045,23,services,single,secondary,yes,no,,26,april,430,31671,89280
10027046,45,blue-collar,divorced,primary,yes,no,,14,may,242,53946,134820
10027047,54,management,single,tertiary,yes,no,,4,june,809,103685.4,259020
10027048,43,management,married,tertiary,yes,no,,10,july,317,32340.6,498060
10027049,44,blue-collar,married,primary,yes,no,,14,august,7,38957.4,25200
10027050,52,blue-collar,married,primary,yes,no,,12,september,493,28891.8,722700
10027051,37,blue-collar,married,secondary,yes,no,,26,october,381,14943.6,13860
10027052,53,management,single,tertiary,yes,no,,27,november,523,0,193320
10027053,31,blue-collar,married,secondary,yes,yes,,3,december,112,0,-129600
10027054,56,blue-collar,married,primary,yes,no,,22,january,309,47889,124200
10027055,40,management,married,primary,yes,yes,,3,february,184,48715.2,221580
10027056,58,management,married,tertiary,yes,no,,12,march,850,57951,128520
10027057,42,blue-collar,married,primary,yes,no,,13,april,420,39812.4,313560
10027058,59,retired,divorced,secondary,yes,no,,10,may,118,,60660
10027059,45,technician,married,secondary,yes,yes,,21,june,71,,-42660
10027060,53,admin.,married,secondary,yes,no,,19,july,103,64060.2,313020
10027061,55,technician,married,tertiary,yes,no,,12,august,314,66607.2,157320
10027062,60,admin.,married,secondary,yes,no,,16,september,196,137136.6,338400
10027063,48,entrepreneur,married,primary,yes,no,,8,october,151,109335.6,666900
10027064,43,technician,single,secondary,yes,no,,22,november,516,94725,215100
10027065,47,technician,married,secondary,yes,no,,17,december,855,36250.2,500580
10027066,33,blue-collar,married,secondary,yes,no,,18,january,392,687.6,31500
10027067,37,services,married,secondary,no,no,,1,february,395,320.4,180
10027068,60,management,divorced,primary,yes,no,,29,march,78,15044.4,6840
10027069,52,blue-collar,married,secondary,yes,no,,16,april,875,46177.2,397080
10027070,31,admin.,single,secondary,yes,no,,14,may,124,0,64440
10027071,31,unemployed,single,primary,yes,no,,30,june,24,0,0
10027072,53,technician,married,secondary,yes,no,,30,july,190,38358,817380
10027073,45,blue-collar,married,secondary,yes,yes,,12,august,53,,21600
10027074,56,blue-collar,married,secondary,yes,no,,14,september,278,,-68760
10027075,36,technician,married,secondary,yes,yes,,14,october,284,15042.6,26280
10027076,40,services,married,secondary,yes,no,,2,november,68,62481.6,103320
10027077,42,blue-collar,married,primary,yes,no,,22,december,262,51831,453420
10027078,52,admin.,married,secondary,yes,no,,1,january,391,96418.8,71100
10027079,46,self-employed,divorced,tertiary,yes,no,,24,february,343,151484.4,1569060
10027080,59,admin.,divorced,secondary,yes,no,,28,march,263,44964,175500
10027081,41,technician,married,secondary,yes,no,,26,april,214,24096.6,138240
10027082,61,retired,married,secondary,yes,no,,24,may,88,17127,50400
10027083,57,management,married,tertiary,no,yes,,7,june,262,17400.6,69840
10027084,32,admin.,single,secondary,no,no,,6,july,255,29190.6,52020
10027085,55,management,single,tertiary,yes,yes,,2,august,202,64110.6,196560
10027086,54,management,married,secondary,yes,no,,1,september,438,23839.2,250920
10027087,55,services,married,secondary,yes,no,,12,october,88,,27180
10027088,31,admin.,married,,yes,no,,30,november,311,,-53100
10027089,43,blue-collar,married,primary,yes,no,,13,december,302,71785.8,1390860
10027090,49,retired,married,,no,no,,1,january,213,4690.8,44460
10027091,31,blue-collar,single,secondary,yes,no,,22,february,214,6346.8,5940
10027092,34,blue-collar,married,secondary,yes,no,,18,march,90,27838.8,81360
10027093,31,management,single,tertiary,yes,no,,13,april,293,11340,114300
10027094,23,services,single,secondary,yes,no,,20,may,448,17164.8,13500
10027095,35,technician,single,tertiary,yes,no,,30,june,70,101161.8,261900
10027096,43,blue-collar,married,primary,yes,no,,22,july,347,19846.8,468900
10027097,31,technician,single,tertiary,no,no,,23,august,320,3668.4,10080
10027098,45,technician,married,secondary,yes,no,,25,september,175,4492.8,16020
10027099,29,technician,married,secondary,yes,no,,5,october,222,1260,15120
10027100,27,technician,married,secondary,yes,no,,21,november,98,2120.4,1260
10027101,52,blue-collar,married,primary,yes,no,,23,december,734,38943,42840
10027102,58,management,married,tertiary,no,no,,11,january,177,,424800
10027103,39,blue-collar,single,primary,no,no,,12,february,121,,-3780
10027104,52,technician,divorced,secondary,yes,no,,20,march,73,31420.8,73620
10027105,60,retired,married,primary,yes,no,,19,april,65,16146,160920
10027106,52,services,married,secondary,yes,no,,29,may,543,15321.6,19440
10027107,45,admin.,married,secondary,yes,no,,16,june,186,74403,144900
10027108,58,blue-collar,married,primary,no,no,,11,july,174,,458460
10027109,56,entrepreneur,married,tertiary,yes,no,,9,august,374,,-22320
10027110,51,blue-collar,married,secondary,yes,no,,12,september,241,154569.6,254520
10027111,50,blue-collar,married,secondary,yes,no,,4,october,139,,1126440
10027112,39,self-employed,married,tertiary,yes,no,,10,november,156,,-31680
10027113,58,management,divorced,tertiary,no,no,,12,december,137,82389.6,275940
10027114,51,self-employed,single,secondary,yes,no,,16,january,67,20073.6,295200
10027115,45,blue-collar,married,primary,yes,no,,12,february,239,10859.4,16380
10027116,41,management,single,tertiary,yes,no,,21,march,178,28866.6,86400
10027117,28,blue-collar,single,primary,yes,no,,1,april,297,66497.4,115740
10027118,51,blue-collar,married,,yes,no,,8,may,491,27504,458460
10027119,45,blue-collar,married,,yes,no,,15,june,377,3223.8,19800
10027120,46,admin.,married,secondary,no,no,,21,july,84,,6300
10027121,43,management,single,secondary,yes,yes,,17,august,122,,-41040
10027122,53,retired,married,secondary,yes,no,,8,september,107,64002.6,205020
10027123,50,admin.,divorced,secondary,yes,no,,6,october,95,0,239760
10027124,55,technician,married,secondary,yes,no,,3,november,248,0,0
10027125,52,blue-collar,married,primary,yes,no,,30,december,30,21898.8,140220
10027126,53,admin.,married,primary,yes,no,,28,january,97,3681,41040
10027127,51,blue-collar,married,secondary,yes,no,,14,february,336,0,3960
10027128,31,admin.,single,secondary,yes,no,,11,march,28,0,0
10027129,41,technician,single,secondary,yes,no,,17,april,329,38287.8,525420
10027130,39,blue-collar,married,primary,yes,no,,12,may,208,19702.8,33480
10027131,60,management,divorced,secondary,yes,yes,,22,june,597,42856.2,139140
10027132,39,technician,married,,yes,no,,4,july,29,22759.2,158400
10027133,41,management,married,secondary,yes,no,,9,august,247,17359.2,39240
10027134,36,blue-collar,married,secondary,yes,no,,24,september,343,39013.2,92160
10027135,40,blue-collar,single,secondary,yes,no,,24,october,214,76253.4,198180
10027136,29,blue-collar,married,secondary,yes,no,,8,november,266,0,352080
10027137,32,admin.,married,secondary,no,no,,19,december,137,0,0
10027138,45,blue-collar,divorced,primary,yes,no,,15,january,206,4590,18720
10027139,32,technician,divorced,secondary,no,no,,20,february,129,16230.6,13500
10027140,31,housemaid,single,secondary,yes,no,,12,march,69,4590,234180
10027141,58,retired,divorced,primary,no,no,,30,april,228,1101.6,1080
10027142,40,technician,married,secondary,yes,no,,15,may,259,2984.4,13500
10027143,40,services,married,primary,yes,no,,12,june,144,5778,7920
10027144,36,services,single,,yes,no,,22,july,515,1231.2,50580
10027145,40,admin.,married,secondary,yes,no,,23,august,29,1053,360
10027146,35,management,single,tertiary,yes,no,,29,september,512,34360.2,36900
10027147,39,blue-collar,married,primary,yes,yes,,19,october,179,23266.8,383940
10027148,39,technician,married,tertiary,yes,yes,,8,november,813,15121.8,16920
10027149,30,self-employed,single,tertiary,yes,yes,,15,december,601,91359,162180
10027150,57,management,married,tertiary,yes,no,,13,january,73,286117.2,617580
10027151,60,services,married,secondary,yes,no,,14,february,144,131614.2,1590660
10027152,55,technician,married,secondary,yes,no,,2,march,271,7138.8,130680
10027153,40,technician,married,secondary,yes,no,,2,april,230,2152.8,4680
10027154,27,student,single,tertiary,yes,no,,4,may,456,21204,11880
10027155,40,admin.,married,secondary,yes,no,,25,june,75,23634,454140
10027156,28,management,married,tertiary,yes,yes,,18,july,225,0,14760
10027157,32,management,married,tertiary,yes,no,,16,august,387,0,0
10027158,53,management,single,secondary,yes,no,,23,september,286,,1000440
10027159,29,admin.,single,secondary,yes,no,,24,october,286,,-91260
10027160,29,technician,single,tertiary,yes,no,,3,november,111,,8460
10027161,45,self-employed,married,,no,no,,26,december,448,,-46260
10027162,32,management,married,secondary,yes,no,,24,january,223,13998.6,256140
10027163,47,services,married,secondary,yes,yes,,24,february,312,15246,9180
10027164,40,services,married,secondary,no,no,,9,march,93,0,303840
10027165,33,services,single,secondary,yes,no,,6,april,212,0,0
10027166,55,housemaid,married,primary,yes,no,,26,may,178,0,180000
10027167,31,blue-collar,single,secondary,yes,yes,,27,june,111,0,0
10027168,33,management,married,tertiary,yes,no,,3,july,803,10620,49140
10027169,42,admin.,divorced,secondary,yes,no,,30,august,844,7767,27540
10027170,31,admin.,divorced,tertiary,yes,no,,12,september,297,16986.6,26280
10027171,41,blue-collar,married,,yes,no,,5,october,25,70839,131760
10027172,43,admin.,single,secondary,yes,no,,5,november,529,37760.4,457020
10027173,36,services,married,secondary,yes,no,,29,december,99,17447.4,37440
10027174,48,management,married,tertiary,yes,no,,16,january,137,14517,97560
10027175,31,self-employed,single,tertiary,yes,no,,2,february,676,19708.2,25920
10027176,45,technician,married,secondary,yes,no,,18,march,656,7158.6,179820
10027177,43,blue-collar,married,secondary,yes,no,,30,april,249,1798.2,3420
10027178,42,admin.,divorced,secondary,no,no,,26,may,88,8710.2,11340
10027179,40,services,married,secondary,yes,no,,27,june,1252,31653,80280
10027180,29,blue-collar,married,secondary,yes,no,,13,july,228,23508,149760
10027181,26,blue-collar,married,secondary,yes,no,,23,august,1143,7104.6,44280
10027182,53,unemployed,married,secondary,yes,yes,,5,september,283,7416,13680
10027183,31,technician,divorced,secondary,no,no,,4,october,118,3402,48240
10027184,25,admin.,married,secondary,yes,no,,13,november,129,,2880
10027185,26,admin.,single,secondary,yes,no,,24,december,103,,-42300
10027186,36,admin.,single,secondary,yes,yes,,6,january,213,0,0
10027187,43,services,divorced,secondary,yes,no,,13,february,132,7804.8,37260
10027188,45,admin.,divorced,secondary,yes,no,,11,march,122,16939.8,19620
10027189,56,management,divorced,tertiary,yes,no,,8,april,130,19402.2,175500
10027190,51,technician,married,secondary,yes,no,,4,may,627,26038.8,25740
10027191,47,blue-collar,married,primary,yes,no,,9,june,207,,316080
10027192,44,housemaid,married,primary,yes,yes,,30,july,114,,-174960
10027193,31,services,married,secondary,yes,no,,17,august,216,696.6,900
10027194,46,management,married,secondary,yes,no,,10,september,250,0,6480
10027195,32,management,single,tertiary,no,no,,6,october,91,0,0
10027196,31,admin.,married,secondary,yes,no,,22,november,159,31874.4,84240
10027197,45,blue-collar,married,primary,yes,no,,23,december,528,20784.6,144720
10027198,31,unemployed,single,secondary,yes,no,,10,january,86,11750.4,35820
10027199,40,technician,married,secondary,yes,no,,7,february,731,7947,46260
10027200,43,blue-collar,married,,yes,no,,3,march,37,5005.8,16380
10027201,26,blue-collar,single,primary,yes,no,,12,april,46,525.6,18360
10027202,29,management,married,tertiary,yes,yes,,29,may,49,1143,180
10027203,30,services,single,secondary,yes,no,,11,june,356,0,87120
10027204,39,management,married,tertiary,yes,yes,,10,july,107,0,0
10027205,51,blue-collar,married,primary,yes,no,,20,august,248,21567.6,35280
10027206,58,admin.,married,primary,yes,no,,28,september,242,93569.4,158220
10027207,44,entrepreneur,married,tertiary,yes,no,,18,october,134,112426.2,664020
10027208,49,technician,married,secondary,yes,no,,17,november,355,15150.6,228420
10027209,30,admin.,married,secondary,yes,no,,20,december,149,13185,12060
10027210,38,blue-collar,married,secondary,yes,no,,7,january,346,21672,172980
10027211,40,services,married,secondary,yes,no,,15,february,370,13172.4,32580
10027212,34,entrepreneur,married,tertiary,yes,no,,10,march,261,0,63900
10027213,41,management,married,tertiary,no,yes,,4,april,330,0,0
10027214,37,management,single,tertiary,yes,no,,22,may,537,,89820
10027215,32,services,divorced,secondary,yes,no,,5,june,134,,-20700
10027216,31,blue-collar,married,secondary,yes,no,,4,july,688,16871.4,16560
10027217,38,blue-collar,single,,yes,no,,14,august,84,56426.4,206280
10027218,34,self-employed,married,tertiary,yes,yes,,10,september,125,38518.2,185220
10027219,42,admin.,married,secondary,yes,no,,21,october,139,4651.2,96120
10027220,27,services,married,secondary,yes,no,,17,november,167,6530.4,2700
10027221,35,services,married,secondary,yes,no,,19,december,25,4131,189540
10027222,43,admin.,single,secondary,no,no,,4,january,244,,1080
10027223,29,services,single,secondary,yes,no,,9,february,140,,-25560
10027224,33,services,divorced,secondary,yes,no,,1,march,165,615.6,360
10027225,57,retired,divorced,secondary,yes,no,,4,april,122,10251,12600
10027226,50,entrepreneur,married,secondary,yes,no,,11,may,130,8218.8,100080
10027227,28,services,single,secondary,yes,no,,8,june,345,1045.8,8100
10027228,45,blue-collar,divorced,secondary,yes,no,,5,july,277,,1620
10027229,33,blue-collar,divorced,secondary,yes,no,,8,august,145,,-23580
10027230,24,blue-collar,married,secondary,yes,yes,,18,september,300,0,25560
10027231,34,technician,single,secondary,yes,yes,,5,october,214,0,0
10027232,23,admin.,married,tertiary,yes,no,,13,november,140,1868.4,360
10027233,59,retired,married,primary,yes,no,,13,december,140,35902.8,116280
10027234,40,admin.,single,secondary,yes,no,,29,january,132,54907.2,133020
10027235,44,blue-collar,married,primary,yes,no,,16,february,96,15382.8,271980
10027236,33,blue-collar,married,secondary,no,no,,25,march,144,5052.6,10440
10027237,29,admin.,single,secondary,yes,yes,,14,april,803,13017.6,29340
10027238,39,blue-collar,married,primary,yes,no,,20,may,225,37364.4,69300
10027239,36,management,divorced,tertiary,yes,yes,,4,june,73,24755.4,241740
10027240,34,services,divorced,secondary,yes,no,,20,july,260,,30420
10027241,35,blue-collar,married,secondary,yes,no,,8,august,754,,-110340
10027242,47,services,married,primary,yes,no,,7,september,211,48402,269280
10027243,40,blue-collar,married,secondary,yes,no,,4,october,192,,104400
10027244,30,technician,married,secondary,yes,yes,,6,november,203,,-55080
10027245,27,management,married,secondary,yes,no,,12,december,24,,-7380
10027246,40,admin.,divorced,secondary,yes,yes,,10,january,171,22572,140940
10027247,26,blue-collar,divorced,secondary,yes,no,,18,february,136,12627,43380
10027248,46,management,married,tertiary,yes,no,,23,march,42,,44100
10027249,43,management,married,secondary,yes,no,,7,april,343,,-4680
10027250,36,technician,single,tertiary,yes,no,,7,may,111,6616.8,126900
10027251,32,blue-collar,married,secondary,yes,no,,30,june,77,4858.2,4140
10027252,47,blue-collar,divorced,secondary,yes,no,,27,july,268,68504.4,68400
10027253,29,blue-collar,single,secondary,yes,no,,11,august,217,47539.8,823320
10027254,36,technician,married,tertiary,yes,no,,10,september,360,11592,32940
10027255,33,blue-collar,single,secondary,yes,no,,4,october,122,55326.6,48960
10027256,57,admin.,married,secondary,yes,yes,,21,november,47,87285.6,750240
10027257,30,technician,single,secondary,yes,no,,30,december,241,17834.4,121860
10027258,59,admin.,divorced,secondary,yes,no,,17,january,204,29694.6,31320
10027259,32,blue-collar,married,primary,yes,no,,2,february,601,136749.6,337860
10027260,56,retired,married,secondary,yes,yes,,3,march,178,32954.4,664200
10027261,25,blue-collar,married,secondary,yes,no,,22,april,306,7556.4,19620
10027262,30,blue-collar,single,,yes,no,,11,may,410,2046.6,34920
10027263,32,blue-collar,single,secondary,yes,no,,24,june,265,928.8,1440
10027264,30,admin.,married,secondary,yes,yes,,13,july,108,,7200
10027265,45,blue-collar,married,secondary,yes,no,,17,august,172,,-252000
10027266,47,blue-collar,married,secondary,yes,no,,3,september,184,,-118080
10027267,25,technician,single,secondary,yes,yes,,1,october,424,43777.8,252000
10027268,28,blue-collar,married,primary,yes,no,,22,november,359,10132.2,91260
10027269,30,blue-collar,single,secondary,yes,no,,4,december,123,8586,13500
10027270,28,admin.,married,tertiary,yes,no,,5,january,169,41376.6,65520
10027271,27,technician,single,secondary,yes,no,,10,february,787,75033,313560
10027272,32,blue-collar,married,secondary,yes,yes,,10,march,241,199128.6,215460
10027273,32,self-employed,single,tertiary,no,no,,27,april,141,193132.8,2208420
10027274,40,self-employed,married,tertiary,yes,no,,28,may,22,17866.8,202680
10027275,29,blue-collar,single,primary,yes,no,,13,june,326,,18900
10027276,38,admin.,married,secondary,no,no,,12,july,317,,-117000
10027277,37,blue-collar,single,primary,yes,no,,9,august,196,,21060
10027278,22,admin.,single,secondary,yes,no,,27,september,270,7531.2,21240
10027279,23,admin.,single,secondary,yes,no,,29,october,107,11988,32040
10027280,30,self-employed,single,secondary,yes,no,,26,november,679,0,53820
10027281,27,blue-collar,single,primary,yes,no,,28,december,576,0,0
10027282,31,admin.,married,secondary,no,no,,8,january,102,936,900
